Driver Name,Firm Name,Latitude,Longitude,Availability Status,Estimated Pickup Time (min),Estimated Delivery Time to Customer (min),Distance from PTU (km),Available Time,Contact No.,Near to Parnell Street,Location Type
PTU Pharmacy - Parnell St,PTU Pharmacy,53.3498,-6.2603,PTU Pharmacy,0,0,0.0,24 Hours,0123456789,Yes,Pharmacy
Liam Smith,HealthGo,53.35855,-6.254411,Available,8,13,1.95,18:00 to 24:00,0855882658,Yes,Driver
Sophia Wilson,QuickMed,53.357403,-6.257479,Available,12,30,1.65,16:00 to 23:00,0891661102,Yes,Driver
Mason Brown,QuickMed,53.343227,-6.248345,Not Available,13,22,2.04,8:00 to 23:00,0827515085,Yes,Driver
Liam Taylor,HealthGo,53.342442,-6.241883,Not Available,7,28,2.14,20:00 to 24:00,0817896361,Yes,Driver
Mason Brown,PharmaFast,53.349659,-6.258961,Available,4,10,1.62,10:00 to 23:00,0820407465,Yes,Driver
Oliver Wilson,QuickMed,53.358834,-6.242202,Available,11,17,0.27,13:00 to 23:00,0841099822,No,Driver
Oliver Smith,SpeedEx,53.358427,-6.253619,Available,5,24,1.41,13:00 to 23:00,0894414832,Yes,Driver
Liam Brown,SpeedEx,53.351157,-6.248357,Not Available,13,23,1.76,17:00 to 23:00,0812744703,Yes,Driver
Oliver Taylor,SpeedEx,53.355305,-6.257143,Not Available,3,12,2.37,8:00 to 23:00,0868055965,Yes,Driver
Oliver Taylor,PharmaFast,53.348342,-6.249414,Not Available,9,27,2.06,14:00 to 24:00,0864947157,Yes,Driver
Mia Wilson,MediRun,53.358922,-6.253215,Always Available,3,24,0.69,12:00 to 24:00,0850607987,No,Driver
Liam Taylor,SpeedEx,53.347616,-6.247155,Available,11,27,1.55,21:00 to 24:00,0820248798,No,Driver
Lucas Taylor,HealthGo,53.35126,-6.25316,Not Available,6,19,2.47,11:00 to 24:00,0870274847,Yes,Driver
Mason Smith,HealthGo,53.359292,-6.24126,Not Available,12,15,1.6,18:00 to 23:00,0882217283,Yes,Driver
Sophia Brown,MediRun,53.35553,-6.251756,Available,13,28,2.98,22:00 to 24:00,0839710171,No,Driver
Sophia Wilson,SpeedEx,53.34749,-6.252516,Available,6,30,1.4,12:00 to 23:00,0845308000,No,Driver
Liam Brown,HealthGo,53.349559,-6.252767,Available,5,12,1.27,13:00 to 24:00,0892754663,Yes,Driver
Oliver Taylor,MediRun,53.348077,-6.253352,Always Available,3,29,1.17,13:00 to 23:00,0814525544,Yes,Driver
Liam Smith,SpeedEx,53.353008,-6.244421,Not Available,11,29,0.46,9:00 to 24:00,0821071758,Yes,Driver
Mason Smith,PharmaFast,53.346687,-6.255587,Always Available,10,26,1.01,9:00 to 23:00,0873585543,No,Driver
Oliver Wilson,PharmaFast,53.346055,-6.257238,Available,14,15,2.66,9:00 to 23:00,0859072136,No,Driver
Oliver Brown,HealthGo,53.354196,-6.242437,Always Available,12,29,1.85,19:00 to 23:00,0820739580,No,Driver
Liam Brown,MediRun,53.358446,-6.249706,Available,12,20,1.4,10:00 to 24:00,0821307141,Yes,Driver
Mason Taylor,SpeedEx,53.355656,-6.25285,Available,9,17,0.84,20:00 to 24:00,0863314119,Yes,Driver
Oliver Wilson,HealthGo,53.35028,-6.250706,Not Available,14,27,2.93,21:00 to 23:00,0828171876,Yes,Driver
Lucas Wilson,PharmaFast,53.354789,-6.248415,Not Available,8,23,2.74,18:00 to 24:00,0862309030,Yes,Driver
Emily Brown,QuickMed,53.341343,-6.244745,Always Available,12,17,2.53,20:00 to 23:00,0858828616,No,Driver
Lucas Smith,SpeedEx,53.356644,-6.253605,Not Available,7,12,2.95,21:00 to 23:00,0873863611,No,Driver
Liam Wilson,MediRun,53.354188,-6.242569,Always Available,11,13,1.19,11:00 to 23:00,0856292971,Yes,Driver
Emma Wilson,SpeedEx,53.356795,-6.251161,Not Available,4,21,1.09,19:00 to 24:00,0871674070,No,Driver
Liam Brown,PharmaFast,53.354151,-6.252502,Not Available,3,16,1.81,16:00 to 24:00,0821625333,Yes,Driver
Lucas Wilson,MediRun,53.349047,-6.251363,Always Available,12,19,2.57,21:00 to 24:00,0812534885,Yes,Driver
Ava Wilson,MediRun,53.348236,-6.247796,Always Available,4,15,1.78,7:00 to 24:00,0828783885,No,Driver
Ava Smith,HealthGo,53.34514,-6.240314,Not Available,4,11,1.14,13:00 to 24:00,0893032842,Yes,Driver
Sophia Brown,QuickMed,53.350189,-6.249708,Available,5,30,1.01,10:00 to 24:00,0813641979,Yes,Driver
Mia Taylor,HealthGo,53.346352,-6.257582,Always Available,15,15,1.82,19:00 to 23:00,0826731968,Yes,Driver
Emma Smith,SpeedEx,53.353553,-6.258096,Available,6,29,1.77,14:00 to 23:00,0818820339,No,Driver
Emily Wilson,SpeedEx,53.349663,-6.253526,Available,11,19,0.88,22:00 to 23:00,0811182790,Yes,Driver
Lucas Taylor,HealthGo,53.359477,-6.244966,Not Available,7,19,1.85,21:00 to 24:00,0814859412,No,Driver
Mia Wilson,MediRun,53.35231,-6.251712,Not Available,4,18,1.58,8:00 to 23:00,0829891584,Yes,Driver
Liam Smith,SpeedEx,53.344336,-6.257468,Always Available,14,29,2.0,9:00 to 24:00,0857153995,Yes,Driver
Liam Wilson,MediRun,53.345338,-6.244764,Always Available,5,25,2.5,11:00 to 23:00,0832770442,No,Driver
Mason Taylor,QuickMed,53.351959,-6.247936,Available,10,10,2.71,10:00 to 24:00,0891982719,No,Driver
Noah Smith,QuickMed,53.35101,-6.247339,Available,9,21,0.74,17:00 to 24:00,0812455276,Yes,Driver
Mason Brown,HealthGo,53.346267,-6.247134,Not Available,8,10,2.24,20:00 to 23:00,0893220939,Yes,Driver
Sophia Wilson,PharmaFast,53.354095,-6.249505,Not Available,14,10,0.92,11:00 to 23:00,0864814393,Yes,Driver
Sophia Taylor,HealthGo,53.359352,-6.245372,Available,8,22,1.16,20:00 to 23:00,0815611006,Yes,Driver
Emma Taylor,QuickMed,53.356025,-6.259923,Always Available,10,25,1.27,8:00 to 23:00,0853253538,No,Driver
Mia Taylor,SpeedEx,53.349766,-6.243613,Not Available,3,18,1.12,20:00 to 23:00,0817925343,Yes,Driver
Ava Brown,PharmaFast,53.346692,-6.246159,Available,13,30,0.68,6:00 to 24:00,0873244821,Yes,Driver
