datum,season,brand name,generic name and strength,medicine usage,medicine_purpose,supplier name,country,state,stock_quantity_boxes
2023-01-01,Spring,Jasochlor,Qurs Hazmina,Cold,Used for Cold,Wall-Johnson,Ireland,Dublin,20
2023-01-02,Summer,Volcan Plus,Brihat Gurucyadi Taila,Cold,Used for Cold,Cruz Inc,Ireland,Dublin,24
2023-01-03,Winter,Contilos 100 ml,Cefuroxime 750 mg/vial,Fever,Used for Fever,"Smith, Serrano and Craig",Ireland,Dublin,25
2023-01-04,Summer,Fonidel 2.5 Pre-Filled Syringe,Domperidone 10 mg,Cold,Used for Cold,Friedman-Richard,Ireland,Dublin,15
2023-01-05,Winter,Megion IM 500 mg,Ceftriaxone 250 mg,Antibiotic,Used for Antibiotic,"Silva, Miller and Gardner",Ireland,Dublin,29
2023-01-06,Autumn,3D CAPSULE,Ertugliflozin 15 mg,Antibiotic,Used for Antibiotic,Zimmerman-Brown,Ireland,Dublin,26
2023-01-07,Spring,Entacyd,Woundwort Cleanzer,Cough,Used for Cough,Jensen-Moreno,Ireland,Dublin,10
2023-01-08,Winter,SB-Serta 50,Cephradine 250 mg,Blood Pressure,Used for Blood,Allen LLC,Ireland,Dublin,17
2023-01-09,Summer,Doxoma 200,Bicalutamide 50 mg,Diabetes,Used for Diabetes,"Brooks, Goodman and Peck",Ireland,Dublin,15
2023-01-10,Winter,Hemolex,Domperidone 5 mg/5 ml,Body Pain,Used for Body,Rocha-Walker,Ireland,Dublin,16
2023-01-11,Autumn,Airflow,Amoxicillin 250 mg,Blood Pressure,Used for Blood,"Butler, Pearson and Hunt",Ireland,Dublin,11
2023-01-12,Summer,Cosy,Jakridari Louha,Diabetes,Used for Diabetes,Torres-Bell,Ireland,Dublin,25
2023-01-13,Winter,Stronel,Gaza Bahar-e Husn,Cough,Used for Cough,Williams-Patterson,Ireland,Dublin,22
2023-01-14,Spring,Ceftron IM 500 mg,Amprolium 20%,Fever,Used for Fever,Allen LLC,Ireland,Dublin,20
2023-01-15,Spring,Vasot,Tilmicosin 250 mg/ml,Antibiotic,Used for Antibiotic,Allen LLC,Ireland,Dublin,13
2023-01-16,Autumn,Pizonil 1.5,Sharbat Hazmina,Fever,Used for Fever,Jensen-Moreno,Ireland,Dublin,12
2023-01-17,Autumn,RIDICEF POWDER FOR SUSPENSION,Mebendazole 100 mg,Headache,Used for Headache,Graves Inc,Ireland,Dublin,20
2023-01-18,Autumn,Tropin Vet,Amoxicillin 250 mg,Blood Pressure,Used for Blood,Johnson-Carter,Ireland,Dublin,15
2023-01-19,Autumn,Jowarish Bisbasa,Habb-e Jiryan,Body Pain,Used for Body,"Taylor, Gonzalez and Porter",Ireland,Dublin,13
2023-01-20,Spring,Zolivox 600,Zinc 10 mg/5 ml,Fever,Used for Fever,Bates Group,Ireland,Dublin,28
2023-01-21,Summer,Rephaston 10,Tilmicosin 250 mg/ml,Antibiotic,Used for Antibiotic,"Wall, Johnson and Perez",Ireland,Dublin,13
2023-01-22,Autumn,P-20 (Vet) 100,Boron + Boswellia Serrata Extract + Glucosamine Sulfate Potassium Chloride + Undenatured Type II Collagen,Fever,Used for Fever,Gomez and Sons,Ireland,Dublin,11
2023-01-23,Winter,Tenocard 50,Voriconazole 4 gm/100 ml,Body Pain,Used for Body,Friedman-Richard,Ireland,Dublin,28
2023-01-24,Winter,Xelitor 20,Fenbendazole 250 mg,Blood Pressure,Used for Blood,Weaver PLC,Ireland,Dublin,30
2023-01-25,Winter,Sulphur Iodatum,Marbofloxacin 100 mg,Cough,Used for Cough,"Hamilton, Johnson and Crawford",Ireland,Dublin,14
2023-01-26,Autumn,Pichirta,Arjunarista,Cold,Used for Cold,Wall-Johnson,Ireland,Dublin,10
2023-01-27,Summer,Locopain,Bicalutamide 50 mg,Diabetes,Used for Diabetes,Jensen-Moreno,Ireland,Dublin,26
2023-01-28,Summer,Indigo,Etoricoxib 120 mg,Antibiotic,Used for Antibiotic,Williams-Patterson,Ireland,Dublin,22
2023-01-29,Summer,Zimolead,Louhasav,Infection,Used for Infection,Williams-Patterson,Ireland,Dublin,30
2023-01-30,Autumn,Monocard 10,Boron + Boswellia Serrata Extract + Glucosamine Sulfate Potassium Chloride + Undenatured Type II Collagen,Fever,Used for Fever,"Melendez, Orr and Martin",Ireland,Dublin,14
2023-01-31,Winter,Camide 0.5%,Gliclazide 80 mg,Stomachache,Used for Stomachache,"Washington, Mcbride and James",Ireland,Dublin,21
2023-02-01,Spring,Foxef-120,Tila Mushki,Diabetes,Used for Diabetes,Juarez-Burton,Ireland,Dublin,10
2023-02-02,Winter,Rabe 20,Habb-e Azaraqi,Headache,Used for Headache,"Silva, Miller and Gardner",Ireland,Dublin,25
2023-02-03,Autumn,Oralsaline,Brihat Gurucyadi Taila,Cold,Used for Cold,Mcdaniel Ltd,Ireland,Dublin,22
2023-02-04,Autumn,Nicosit 500,Phenobarbitone 60 mg,Infection,Used for Infection,Johnson-Carter,Ireland,Dublin,19
2023-02-05,Summer,Calmet 500,Habb-e Jalinoos,Body Pain,Used for Body,Jensen-Moreno,Ireland,Dublin,19
2023-02-06,Autumn,Z-Celiber,Propantheline Bromide 15 mg,Diabetes,Used for Diabetes,Jensen-Moreno,Ireland,Dublin,14
2023-02-07,Spring,Midorest 15,Levosalbutamol 1.25 mg/3 ml,Blood Pressure,Used for Blood,Allen LLC,Ireland,Dublin,14
2023-02-08,Winter,Holy Asthmacure,Verapamil Hydrochloride 80 mg,Fever,Used for Fever,Weaver PLC,Ireland,Dublin,21
2023-02-09,Autumn,Xerion 500,Montelukast 5 mg,Cold,Used for Cold,Graves Inc,Ireland,Dublin,26
2023-02-10,Summer,Tensar AM,Calcitriol .25 mcg,Diabetes,Used for Diabetes,"Silva, Miller and Gardner",Ireland,Dublin,14
2023-02-11,Winter,Gastroaid,Calcium + Vitamin D3 500 mg + 200 IU,Stomachache,Used for Stomachache,"Sanchez, Castro and Richardson",Ireland,Dublin,11
2023-02-12,Autumn,JP-Cid,Brihat Agnikumar Ras (Agnimandaya),Body Pain,Used for Body,Friedman-Richard,Ireland,Dublin,15
2023-02-13,Summer,VB-3 Tablet,Carbamazepine 200 mg,Body Pain,Used for Body,Rose-Tucker,Ireland,Dublin,29
2023-02-14,Winter,IMAXEN 100,Cefadroxil 125 mg/1.25 ml,Antibiotic,Used for Antibiotic,Juarez-Burton,Ireland,Dublin,29
2023-02-15,Summer,Nimazen,Nicotinamide + Pyridoxine Hydrochloride + Riboflavin + Vitamin B1 + Zinc 20 mg + 2 mg + 2.75 mg + 5 mg + 10 mg,Body Pain,Used for Body,Torres-Bell,Ireland,Dublin,19
2023-02-16,Spring,Happymix Sachet 1 gm,Empagliflozin + Metformin Hydrochloride 5 mg + 1000 mg,Blood Pressure,Used for Blood,"Silva, Miller and Gardner",Ireland,Dublin,18
2023-02-17,Autumn,Dirusid 40,Sharbat Ejaz,Cough,Used for Cough,"Smith, Serrano and Craig",Ireland,Dublin,29
2023-02-18,Winter,Navalexin,Ketotifen 1 mg,Blood Pressure,Used for Blood,Cruz Inc,Ireland,Dublin,30
2023-02-19,Summer,Tegretol CR 200,Tobramycin 3 mg/ml,Infection,Used for Infection,Bryant-Miller,Ireland,Dublin,15
2023-02-20,Winter,Novaflox,Fluocinolone Acetonide 25 mg/100 gm,Cough,Used for Cough,"Taylor, Gonzalez and Porter",Ireland,Dublin,12
2023-02-21,Winter,Nagbaladya Churna,Lomefloxacin 400 mg,Diabetes,Used for Diabetes,Weaver PLC,Ireland,Dublin,12
2023-02-22,Spring,Algirex 90,Tobramycin 3 mg/ml,Infection,Used for Infection,Zimmerman-Williams,Ireland,Dublin,12
2023-02-23,Autumn,Flupen 250,Amoxicillin 125 mg/5 ml,Antibiotic,Used for Antibiotic,Rose-Tucker,Ireland,Dublin,16
2023-02-24,Autumn,Osedan,Rowghan Amla,Blood Pressure,Used for Blood,Torres-Bell,Ireland,Dublin,26
2023-02-25,Winter,Tranexil,Cefuroxime 750 mg/vial,Fever,Used for Fever,Bryant-Miller,Ireland,Dublin,30
2023-02-26,Winter,Serifen,Flucloxacillin 500 mg,Fever,Used for Fever,Friedman-Richard,Ireland,Dublin,12
2023-02-27,Summer,Iosol,Cephradine 125 mg/1.25 ml,Body Pain,Used for Body,"Butler, Pearson and Hunt",Ireland,Dublin,10
2023-02-28,Spring,Unikon,Pheniramine Maleate 22.75 mg/ml,Blood Pressure,Used for Blood,Garcia-Carter,Ireland,Dublin,11
2023-03-01,Autumn,Stemetil,Cefixime 100 mg,Cold,Used for Cold,Zimmerman-Brown,Ireland,Dublin,12
2023-03-02,Autumn,Altiguard Vet Powder,Metoprolol Tartrate 100 mg,Cough,Used for Cough,"Taylor, Gonzalez and Porter",Ireland,Dublin,19
2023-03-03,Spring,Stomacid,Amoxicillin 125 mg/5 ml,Antibiotic,Used for Antibiotic,Lopez Group,Ireland,Dublin,21
2023-03-04,Winter,Ectonil Vet,Bisoprolol Hemifumarate 1.25 mg,Infection,Used for Infection,"Wall, Johnson and Perez",Ireland,Dublin,21
2023-03-05,Autumn,Calendula Officinalis,Metronidazole 400 mg,Infection,Used for Infection,Cruz Inc,Ireland,Dublin,25
2023-03-06,Spring,AdMarbo (Vet),Delafloxacin 300 mg/vial,Blood Pressure,Used for Blood,Wilson Ltd,Ireland,Dublin,17
2023-03-07,Autumn,Zisulmet 10mg/5ml,Moxifloxacin 400 mg,Stomachache,Used for Stomachache,"Brooks, Goodman and Peck",Ireland,Dublin,17
2023-03-08,Winter,D Cough,Cefadroxil 125 mg/1.25 ml,Antibiotic,Used for Antibiotic,"Brewer, Dickson and Silva",Ireland,Dublin,10
2023-03-09,Winter,Napronex 375/20,Gentamicin 300 mg/100 gm,Antibiotic,Used for Antibiotic,"Smith, Serrano and Craig",Ireland,Dublin,21
2023-03-10,Winter,Cipro-A Vet 10 ml,Sitagliptin 25 mg,Blood Pressure,Used for Blood,Zimmerman-Brown,Ireland,Dublin,17
2023-03-11,Spring,Fungin,Sharbat Niswan,Fever,Used for Fever,"Smith, Arias and Kelly",Ireland,Dublin,19
2023-03-12,Summer,En Vet,Danofloxacin 2.5 gm/100 ml,Antibiotic,Used for Antibiotic,"Johnson, Nicholson and Rogers",Ireland,Dublin,18
2023-03-13,Winter,Povin,Clarithromycin 250 mg,Cold,Used for Cold,"Washington, Mcbride and James",Ireland,Dublin,28
2023-03-14,Summer,Reknib 100,Woundwort Cleanzer,Cough,Used for Cough,Torres-Bell,Ireland,Dublin,16
2023-03-15,Autumn,Xtrapel 100,Flucloxacillin 500 mg,Fever,Used for Fever,"Butler, Pearson and Hunt",Ireland,Dublin,10
2023-03-16,Spring,Licoras,Olopatadine .6 gm/100 gm,Cold,Used for Cold,"Hamilton, Johnson and Crawford",Ireland,Dublin,15
2023-03-17,Spring,Termikof,Mefenamic Acid 250 mg,Antibiotic,Used for Antibiotic,Jensen-Moreno,Ireland,Dublin,22
2023-03-18,Summer,Jouban Plus,Ceftazidime 1 gm/vial,Infection,Used for Infection,"Wise, Evans and Davis",Ireland,Dublin,13
2023-03-19,Summer,Medfat,Cetirizine Dihydrochloride 10 mg,Antibiotic,Used for Antibiotic,Crawford and Sons,Ireland,Dublin,13
2023-03-20,Summer,G-Flucloxacillin 500mg,Cefditoren 200 mg,Cold,Used for Cold,Weaver PLC,Ireland,Dublin,10
2023-03-21,Spring,Roin,Erdosteine 300 mg,Body Pain,Used for Body,Davis-Harmon,Ireland,Dublin,13
2023-03-22,Winter,Vanogut 125,Sharbat Muqavvi,Blood Pressure,Used for Blood,Wilson Ltd,Ireland,Dublin,21
2023-03-23,Winter,Staphysagria,Sharbat Seb,Blood Pressure,Used for Blood,Johnson-Carter,Ireland,Dublin,25
2023-03-24,Spring,Tozan Vet,Drotaverine Hydrochloride 200 mg/10 ml,Antibiotic,Used for Antibiotic,Juarez-Burton,Ireland,Dublin,17
2023-03-25,Autumn,Avlocid Plus,Fluorometholone + Gentamicin 100 mg + 300 mg/100 ml,Infection,Used for Infection,Williams-Patterson,Ireland,Dublin,17
2023-03-26,Spring,Rising-B  Plus,Habb-e Helteet,Cough,Used for Cough,"Johnson, Nicholson and Rogers",Ireland,Dublin,24
2023-03-27,Spring,Parinox 40,Sucralfate 20 gm/100 ml,Antibiotic,Used for Antibiotic,Williams-Patterson,Ireland,Dublin,28
2023-03-28,Autumn,Edeloss 40/50,Habb-e Tinkar,Blood Pressure,Used for Blood,Carpenter-Dillon,Ireland,Dublin,10
2023-03-29,Autumn,Ardance 10,Qurs Kamuni,Body Pain,Used for Body,Allen LLC,Ireland,Dublin,14
2023-03-30,Spring,Bioglo-2500,Salicylicum Acidum,Blood Pressure,Used for Blood,Johnson-Carter,Ireland,Dublin,13
2023-03-31,Summer,Loridon,Pregabalin 75 mg,Antibiotic,Used for Antibiotic,"Taylor, Gonzalez and Porter",Ireland,Dublin,18
2023-04-01,Spring,Topium DPI,Mirabegron 25 mg,Cold,Used for Cold,"Wall, Johnson and Perez",Ireland,Dublin,11
2023-04-02,Autumn,Mirabeg 50 ER,Loteprednol Etabonate + Tobramycin .5 gm + .3 gm/100 ml,Body Pain,Used for Body,Garcia-Carter,Ireland,Dublin,25
2023-04-03,Spring,Skilox 500,Cefditoren 200 mg,Cold,Used for Cold,Rocha-Walker,Ireland,Dublin,19
2023-04-04,Spring,Maxtrim,Sufoof Bawaseer,Body Pain,Used for Body,Crawford and Sons,Ireland,Dublin,16
2023-04-05,Spring,Jowarish Kundur,Etoricoxib 120 mg,Antibiotic,Used for Antibiotic,Crawford and Sons,Ireland,Dublin,15
2023-04-06,Summer,J-Mucus,Dextrose + Sodium Chloride 4.3 gm + 180 mg/100 ml,Antibiotic,Used for Antibiotic,Wall-Johnson,Ireland,Dublin,23
2023-04-07,Summer,Renamox 1 (Vet),Calcitriol .25 mcg,Diabetes,Used for Diabetes,Cox and Sons,Ireland,Dublin,29
2023-04-08,Spring,Venpa 50 mg,Fluocinolone Acetonide 25 mg/100 gm,Cough,Used for Cough,Lopez Group,Ireland,Dublin,21
2023-04-09,Spring,Cardinex 80,Etoricoxib 90 mg,Cough,Used for Cough,Garcia-Carter,Ireland,Dublin,29
2023-04-10,Summer,Collinsonia Can.,Flumequine 20 gm/100 ml,Cough,Used for Cough,Allen LLC,Ireland,Dublin,15
2023-04-11,Summer,Srijan Oral Saline,Ferrum Phosphoricum,Antibiotic,Used for Antibiotic,Allen LLC,Ireland,Dublin,16
2023-04-12,Autumn,Fluxin,Sharbat Sadar,Infection,Used for Infection,Weaver PLC,Ireland,Dublin,17
2023-04-13,Summer,BIO MAX NO.6,Doxycycline 100 mg,Body Pain,Used for Body,Juarez-Burton,Ireland,Dublin,29
2023-04-14,Summer,Bilan Oral Solution,Ambroxol 15 mg/5 ml,Cold,Used for Cold,Williams-Patterson,Ireland,Dublin,28
2023-04-15,Summer,AdLeflox (Vet) Powder,Irbesartan 75 mg,Cold,Used for Cold,"Taylor, Gonzalez and Porter",Ireland,Dublin,30
2023-04-16,Spring,Vigadex,Aluminium Oxide + Magnesium Hydroxide 175 mg + 225 mg/5 ml,Blood Pressure,Used for Blood,"Melendez, Orr and Martin",Ireland,Dublin,26
2023-04-17,Spring,Clorel 75,Ketotifen 1 mg/5 ml,Cold,Used for Cold,Cruz Inc,Ireland,Dublin,26
2023-04-18,Autumn,Renaquine 20,Tadalafil 10 mg,Blood Pressure,Used for Blood,Williams-Patterson,Ireland,Dublin,26
2023-04-19,Winter,Cefast 500 IM,Desloratadine 5 mg,Infection,Used for Infection,"Brooks, Goodman and Peck",Ireland,Dublin,11
2023-04-20,Spring,Biloba 120 Hard Capsule,Diclofenac Sodium 1 mg/ml,Infection,Used for Infection,Cruz Inc,Ireland,Dublin,29
2023-04-21,Summer,Empty Heard Gelatin Cap Size-0,Clarithromycin 250 mg/5 ml,Cold,Used for Cold,Wall-Johnson,Ireland,Dublin,16
2023-04-22,Winter,Pegalin 50,Cefuroxime 1 gm/vial,Cough,Used for Cough,"Johnson, Nicholson and Rogers",Ireland,Dublin,13
2023-04-23,Winter,Glucodip 25,Ambroxol 15 mg/5 ml,Cold,Used for Cold,"Brooks, Goodman and Peck",Ireland,Dublin,12
2023-04-24,Summer,Primace 10,Aceclofenac 100 mg,Cough,Used for Cough,"Brewer, Dickson and Silva",Ireland,Dublin,20
2023-04-25,Spring,Rumenal,Azelastin Hydrochloride 50 mg/100 ml,Infection,Used for Infection,Johnson-Carter,Ireland,Dublin,19
2023-04-26,Summer,Dydip,Chondroitin Sulfate + Collagen II + Glucosamine Sulfate Potassium Chloride,Stomachache,Used for Stomachache,Johnson-Carter,Ireland,Dublin,27
2023-04-27,Autumn,Allet DS,Qurs Kamuni,Body Pain,Used for Body,Friedman-Richard,Ireland,Dublin,18
2023-04-28,Autumn,Safe Munish,Frusemide 20 mg,Fever,Used for Fever,Lopez Group,Ireland,Dublin,23
2023-04-29,Summer,Wakoflex,Amoxicillin 30%,Stomachache,Used for Stomachache,"Hamilton, Johnson and Crawford",Ireland,Dublin,13
2023-04-30,Spring,Leozem,Pantoprazole 40 mg,Cough,Used for Cough,Wall-Johnson,Ireland,Dublin,25
2023-05-01,Summer,Paranaaf,Flunarizine 10 mg,Antibiotic,Used for Antibiotic,Weaver PLC,Ireland,Dublin,21
2023-05-02,Winter,Dobical Plus,Arq Maul Lahm,Antibiotic,Used for Antibiotic,Williams-Patterson,Ireland,Dublin,18
2023-05-03,Summer,Flocol Vet Solution,Qurs Rhubarb,Infection,Used for Infection,Bates Group,Ireland,Dublin,20
2023-05-04,Winter,Shanjibani Bati,Sanjivani Rasayan,Diabetes,Used for Diabetes,"Butler, Pearson and Hunt",Ireland,Dublin,15
2023-05-05,Spring,Flontin 0.2% 200,Betamethasone 50 mg/100 gm,Cold,Used for Cold,"Washington, Mcbride and James",Ireland,Dublin,26
2023-05-06,Summer,U-Gyanetone,Cyclosporine 25 mg,Blood Pressure,Used for Blood,"Brooks, Goodman and Peck",Ireland,Dublin,14
2023-05-07,Winter,Xeridon,Azithromycin 200 mg/5 ml,Diabetes,Used for Diabetes,Johnson-Carter,Ireland,Dublin,22
2023-05-08,Autumn,Ciaton 5,Clonazepam .5 mg,Diabetes,Used for Diabetes,"Smith, Serrano and Craig",Ireland,Dublin,10
2023-05-09,Spring,All Hajmi,Esomeprazole 20 mg,Diabetes,Used for Diabetes,"Smith, Serrano and Craig",Ireland,Dublin,24
2023-05-10,Spring,Falsavit,Nalidixic Acid 300 mg/5 ml,Antibiotic,Used for Antibiotic,Lopez Group,Ireland,Dublin,14
2023-05-11,Spring,INJAK 5 TABLET,Tapinarof 1 gm/100 gm,Body Pain,Used for Body,Cruz Inc,Ireland,Dublin,28
2023-05-12,Autumn,Uripas,Hyoscine Butyl Bromide 20 mg,Blood Pressure,Used for Blood,"Butler, Pearson and Hunt",Ireland,Dublin,30
2023-05-13,Summer,Fenarvet,Ciprofloxacin 250 mg/5 ml,Body Pain,Used for Body,Friedman-Richard,Ireland,Dublin,28
2023-05-14,Winter,Dexan,Copper + Folic Acid + Iodine + Iron + Niacin + Pyridoxine + Riboflavin + Selenium + Vitamin A + Vitamin B1 + Vitamin B12 + Vitamin C + Vitamin D + Vitamin E + Zinc .56 mg + .15 mg + .09 mg + 10 mg + 6 mg + .5 mg + .5 mg + .017 mg + .4 mg + .5 mg + .0009 mg + 30 mg + .005 mg + 5 mg + 4.1 mg,Blood Pressure,Used for Blood,Crawford and Sons,Ireland,Dublin,14
2023-05-15,Winter,Norgestrel,Naproxen 500 mg,Blood Pressure,Used for Blood,"Silva, Miller and Gardner",Ireland,Dublin,11
2023-05-16,Summer,Adonis Ver,Hydroxychloroquine Sulphate 200 mg,Cold,Used for Cold,Rocha-Walker,Ireland,Dublin,10
2023-05-17,Summer,Loxyl 500,Levosalbutamol 1.25 mg/3 ml,Blood Pressure,Used for Blood,"Melendez, Orr and Martin",Ireland,Dublin,20
2023-05-18,Winter,Asvast 10,Tila Mushki,Diabetes,Used for Diabetes,"Wise, Evans and Davis",Ireland,Dublin,29
2023-05-19,Spring,Trova 10,Drotaverine Hydrochloride 200 mg/10 ml,Antibiotic,Used for Antibiotic,Johnson-Carter,Ireland,Dublin,30
2023-05-20,Autumn,NC-Live,Atracurium Besylate 25 mg,Body Pain,Used for Body,Zimmerman-Williams,Ireland,Dublin,20
2023-05-21,Summer,Septilla Syrup,Boron + Boswellia Serrata Extract + Glucosamine Sulfate Potassium Chloride + Undenatured Type II Collagen,Fever,Used for Fever,Wall-Johnson,Ireland,Dublin,16
2023-05-22,Winter,MU-Care,Pheniramine Maleate 22.75 mg/ml,Blood Pressure,Used for Blood,Allen LLC,Ireland,Dublin,26
2023-05-23,Autumn,Jardimet 12.5/500,Glyceryl Trinitrate .5 mg,Antibiotic,Used for Antibiotic,"Butler, Pearson and Hunt",Ireland,Dublin,11
2023-05-24,Spring,I-Penam 1 gm,Sharbat Mudir,Infection,Used for Infection,"Butler, Pearson and Hunt",Ireland,Dublin,11
2023-05-25,Autumn,Midam 7.5,Lomefloxacin 400 mg,Diabetes,Used for Diabetes,Gomez and Sons,Ireland,Dublin,22
2023-05-26,Autumn,Lanfos 250,Habb-e Helteet,Cough,Used for Cough,Gomez and Sons,Ireland,Dublin,20
2023-05-27,Winter,Unibac 200 Capsule,Asparagus,Antibiotic,Used for Antibiotic,Garcia-Carter,Ireland,Dublin,29
2023-05-28,Autumn,Zerova,Pregabalin 100 mg,Cold,Used for Cold,"Johnson, Nicholson and Rogers",Ireland,Dublin,12
2023-05-29,Autumn,Aegle Mar,Metronidazole 30 gm/100 gm,Stomachache,Used for Stomachache,Allen LLC,Ireland,Dublin,16
2023-05-30,Summer,kTX-20,Sanjivani Rasayan,Diabetes,Used for Diabetes,Mcdaniel Ltd,Ireland,Dublin,15
2023-05-31,Summer,Clinacyn 600,Hydrochlorothiazide + Ramipril 12.5 mg + 2.5 mg,Body Pain,Used for Body,Johnson-Carter,Ireland,Dublin,22
2023-06-01,Summer,Hepanal,Activated Charcoal,Cough,Used for Cough,"Butler, Pearson and Hunt",Ireland,Dublin,20
2023-06-02,Summer,Floxy 250,Qurs Rhubarb,Infection,Used for Infection,"Johnson, Nicholson and Rogers",Ireland,Dublin,14
2023-06-03,Autumn,Pasmodil,Trifluridine 1 gm/100 ml,Antibiotic,Used for Antibiotic,Wall-Johnson,Ireland,Dublin,28
2023-06-04,Spring,Roxilab 250,Ceftriaxone 2 gm,Fever,Used for Fever,Jensen-Moreno,Ireland,Dublin,22
2023-06-05,Spring,Qurs Sailan,Glimepiride 3 mg,Headache,Used for Headache,"Melendez, Orr and Martin",Ireland,Dublin,19
2023-06-06,Autumn,Maxnut,D Chiro Inositol (Carob),Antibiotic,Used for Antibiotic,Rose-Tucker,Ireland,Dublin,10
2023-06-07,Winter,ZN-Feron,Clove (Liquid),Headache,Used for Headache,Rose-Tucker,Ireland,Dublin,13
2023-06-08,Spring,Medix Ointment,Metronidazole 30 gm/100 gm,Stomachache,Used for Stomachache,Davis-Harmon,Ireland,Dublin,26
2023-06-09,Spring,Porin,Gaza Bahar-e Husn,Cough,Used for Cough,"Washington, Mcbride and James",Ireland,Dublin,28
2023-06-10,Spring,Ome 20,Sharbat Deenar,Cold,Used for Cold,Rocha-Walker,Ireland,Dublin,28
2023-06-11,Spring,Convit B,Loteprednol Etabonate + Tobramycin .5 gm + .3 gm/100 ml,Body Pain,Used for Body,Mcdaniel Ltd,Ireland,Dublin,18
2023-06-12,Summer,Niorib,Sharbat Gaozaban,Antibiotic,Used for Antibiotic,Crawford and Sons,Ireland,Dublin,11
2023-06-13,Summer,Acarbose 50,Hypericum Perforatum,Headache,Used for Headache,"Washington, Mcbride and James",Ireland,Dublin,22
2023-06-14,Autumn,Zinctab-20,Sharbat Dimaghi,Body Pain,Used for Body,"Wall, Johnson and Perez",Ireland,Dublin,30
2023-06-15,Autumn,Gemiflox,Sufoof Kabedi,Blood Pressure,Used for Blood,Gomez and Sons,Ireland,Dublin,25
2023-06-16,Spring,Movlex,Glyceryl Trinitrate .5 mg,Antibiotic,Used for Antibiotic,"Smith, Arias and Kelly",Ireland,Dublin,30
2023-06-17,Autumn,Magnum 365 mg Tablet,Urea 10 gm/100 gm,Diabetes,Used for Diabetes,Mcdaniel Ltd,Ireland,Dublin,18
2023-06-18,Spring,Chandraprabha Gdika,Esomeprazole + Naproxen 20 mg + 375 mg,Body Pain,Used for Body,"Johnson, Nicholson and Rogers",Ireland,Dublin,26
2023-06-19,Spring,Simplovir,Cephradine 125 mg/5 ml,Infection,Used for Infection,Cruz Inc,Ireland,Dublin,18
2023-06-20,Autumn,Myosit Plus,Habb-e Azaraqi,Headache,Used for Headache,Zimmerman-Williams,Ireland,Dublin,25
2023-06-21,Spring,Nitronex Vet 25%,Aceclofenac 200 mg,Body Pain,Used for Body,Wilson Ltd,Ireland,Dublin,18
2023-06-22,Spring,Betafix 5 mg,Brivaracetam 10 mg/ml,Blood Pressure,Used for Blood,Williams-Patterson,Ireland,Dublin,13
2023-06-23,Spring,Ruxonix 15,Cefuroxime 1 gm/vial,Cough,Used for Cough,Wall-Johnson,Ireland,Dublin,22
2023-06-24,Winter,Giseng,Amprolium 20%,Fever,Used for Fever,Cox and Sons,Ireland,Dublin,12
2023-06-25,Spring,Zafnil 20,Sharbat Amrood,Infection,Used for Infection,"Wall, Johnson and Perez",Ireland,Dublin,13
2023-06-26,Summer,Trialon IM/IV,Habb-e Helteet,Cough,Used for Cough,Bates Group,Ireland,Dublin,26
2023-06-27,Summer,Verigat 10,Clonazepam 2 mg,Infection,Used for Infection,Juarez-Burton,Ireland,Dublin,14
2023-06-28,Winter,Z-Vaskar,Rowghan Amla,Blood Pressure,Used for Blood,Rocha-Walker,Ireland,Dublin,25
2023-06-29,Winter,Neopril 20,Gentamicin 100 mg/100 gm,Stomachache,Used for Stomachache,"Hamilton, Johnson and Crawford",Ireland,Dublin,28
2023-06-30,Autumn,Ceanothus Americanus,Salbutamol 2 mg/5 ml,Body Pain,Used for Body,Wall-Johnson,Ireland,Dublin,14
2023-07-01,Winter,I-Cillin,Dextrose + Sodium Chloride 4.3 gm + 180 mg/100 ml,Antibiotic,Used for Antibiotic,"Wall, Johnson and Perez",Ireland,Dublin,10
2023-07-02,Summer,Cexitil,Sharbat Amla,Antibiotic,Used for Antibiotic,Allen LLC,Ireland,Dublin,21
2023-07-03,Autumn,Rifaxin 200,Vitamin C 1 gm/gm,Blood Pressure,Used for Blood,"Johnson, Nicholson and Rogers",Ireland,Dublin,15
2023-07-04,Spring,Lactomose,Prednisolone 5 mg,Blood Pressure,Used for Blood,"Butler, Pearson and Hunt",Ireland,Dublin,18
2023-07-05,Spring,Relivix Kids Linctus,Nicotinamide + Pyridoxine Hydrochloride + Riboflavin + Vitamin B1 + Zinc 20 mg + 2 mg + 2.75 mg + 5 mg + 10 mg,Body Pain,Used for Body,"Smith, Serrano and Craig",Ireland,Dublin,28
2023-07-06,Summer,Piloma 2%,Kamini Vidravan Ras,Fever,Used for Fever,"Wall, Johnson and Perez",Ireland,Dublin,27
2023-07-07,Autumn,Cla Mycin,Bifidobacterium Animals + Bifidobacterium bifidum + Lactobacillus Acidophillus + Lactobacillus Rhamnosus,Cough,Used for Cough,"Smith, Arias and Kelly",Ireland,Dublin,14
2023-07-08,Winter,RE-Gel 100000,Sharbat Faulad,Cold,Used for Cold,Crawford and Sons,Ireland,Dublin,11
2023-07-09,Summer,Kutajaghana Bati,Cephradine 125 mg/5 ml,Infection,Used for Infection,"Taylor, Gonzalez and Porter",Ireland,Dublin,18
2023-07-10,Summer,Moxilin CV,Fexofenadine Hydrochloride 120 mg,Fever,Used for Fever,Juarez-Burton,Ireland,Dublin,29
2023-07-11,Summer,Alopus,Ceftriaxone 1 gm,Headache,Used for Headache,Davis-Harmon,Ireland,Dublin,12
2023-07-12,Winter,Sefrad,Vasaka / Jastishia,Blood Pressure,Used for Blood,Zimmerman-Brown,Ireland,Dublin,26
2023-07-13,Spring,Gludex,Jakridari Louha,Diabetes,Used for Diabetes,Jensen-Moreno,Ireland,Dublin,21
2023-07-14,Winter,Adze 400,Flucloxacillin 500 mg,Fever,Used for Fever,Zimmerman-Williams,Ireland,Dublin,15
2023-07-15,Autumn,Pantocure 20,Cefixime 200 mg,Body Pain,Used for Body,Bates Group,Ireland,Dublin,28
2023-07-16,Summer,Coralcin-D,Nicotinamide + Pyridoxine Hydrochloride + Riboflavin + Vitamin B1 20 mg + 2 mg + 2 mg + 5 mg,Blood Pressure,Used for Blood,Wilson Ltd,Ireland,Dublin,21
2023-07-17,Summer,Actisal 1,Pregabalin 75 mg,Antibiotic,Used for Antibiotic,"Melendez, Orr and Martin",Ireland,Dublin,15
2023-07-18,Autumn,Oxyton DS,Torasemide 20 mg,Blood Pressure,Used for Blood,Zimmerman-Williams,Ireland,Dublin,21
2023-07-19,Autumn,Ominazol,Secnidazole 500 mg/10 ml,Blood Pressure,Used for Blood,"Silva, Miller and Gardner",Ireland,Dublin,29
2023-07-20,Winter,Bi-Saline (fruity),Calcium + Cholecalciferol (Vit. D3) 600 mg + 400 IU,Diabetes,Used for Diabetes,"Smith, Serrano and Craig",Ireland,Dublin,28
2023-07-21,Autumn,Zenita,Atorvastatin 20 mg,Diabetes,Used for Diabetes,Graves Inc,Ireland,Dublin,28
2023-07-22,Summer,Vardenafil 20,Methyl Prednisolone 8 mg,Antibiotic,Used for Antibiotic,Mcdaniel Ltd,Ireland,Dublin,18
2023-07-23,Winter,Deprex 10,Fluocinolone Acetonide 25 mg/100 gm,Cough,Used for Cough,Garcia-Carter,Ireland,Dublin,13
2023-07-24,Summer,Zispin 15,Clonazepam .5 mg,Diabetes,Used for Diabetes,Crawford and Sons,Ireland,Dublin,27
2023-07-25,Winter,Navacef,Secnidazole 500 mg/10 ml,Blood Pressure,Used for Blood,Williams-Patterson,Ireland,Dublin,14
2023-07-26,Summer,Nazavit Plus,Dexamethasone Sodium Phosphate 5 mg/ml,Fever,Used for Fever,"Johnson, Nicholson and Rogers",Ireland,Dublin,11
2023-07-27,Winter,Osmosol 20,Clarithromycin 250 mg/5 ml,Cold,Used for Cold,Graves Inc,Ireland,Dublin,25
2023-07-28,Winter,Ficus Indica,Metronidazole 200 mg/5 ml,Headache,Used for Headache,Cruz Inc,Ireland,Dublin,13
2023-07-29,Winter,Xiathin,Salicylicum Acidum,Blood Pressure,Used for Blood,Cox and Sons,Ireland,Dublin,23
2023-07-30,Autumn,MegaMag,Linagliptin + Metformin Hydrochloride 2.5 mg + 500 mg,Blood Pressure,Used for Blood,Zimmerman-Williams,Ireland,Dublin,28
2023-07-31,Winter,Dopagut,Fexofenadine Hydrochloride 120 mg,Fever,Used for Fever,Wilson Ltd,Ireland,Dublin,26
2023-08-01,Spring,Glomycin,Quinine Dihydrochloride 300 mg/5 ml,Blood Pressure,Used for Blood,Cruz Inc,Ireland,Dublin,23
2023-08-02,Spring,Doxofyl,Terbinafine 250 mg,Stomachache,Used for Stomachache,Wilson Ltd,Ireland,Dublin,28
2023-08-03,Winter,Zeptol CR 200,Cefadroxil 125 mg/1.25 ml,Antibiotic,Used for Antibiotic,Wall-Johnson,Ireland,Dublin,22
2023-08-04,Winter,Synogen Plus,Qurs Bandish,Cold,Used for Cold,Lopez Group,Ireland,Dublin,12
2023-08-05,Spring,Recto,Bisacodyl 5 mg,Antibiotic,Used for Antibiotic,"Wise, Evans and Davis",Ireland,Dublin,16
2023-08-06,Winter,RP 26,Carbidopa + Entacapone + Levodopa 12.5 mg + 200 mg + 50 mg,Body Pain,Used for Body,"Smith, Serrano and Craig",Ireland,Dublin,15
2023-08-07,Autumn,Candiflox Ear Drops,Metformin Hydrochloride 850 mg,Infection,Used for Infection,Wall-Johnson,Ireland,Dublin,25
2023-08-08,Summer,Romycin,Mifepristone 200 mg,Fever,Used for Fever,"Taylor, Gonzalez and Porter",Ireland,Dublin,26
2023-08-09,Summer,Su-Nishat,Ceftriaxone 500 mg/vial,Cough,Used for Cough,Zimmerman-Williams,Ireland,Dublin,22
2023-08-10,Autumn,G Glucose 10,Chyabanprash,Cold,Used for Cold,"Smith, Serrano and Craig",Ireland,Dublin,28
2023-08-11,Winter,Kaminibidraban Ras,Omeprazole 20 mg,Diabetes,Used for Diabetes,"Hamilton, Johnson and Crawford",Ireland,Dublin,17
2023-08-12,Autumn,Traneta M 2.5/850,Pyrimethamine 25 mg,Body Pain,Used for Body,"Taylor, Gonzalez and Porter",Ireland,Dublin,17
2023-08-13,Summer,BS-Anar,Epinephrine + Lidocaine 10 mcg + 20 mg/ml,Antibiotic,Used for Antibiotic,Weaver PLC,Ireland,Dublin,29
2023-08-14,Summer,Reset PLUS,Quinine Dihydrochloride 300 mg/5 ml,Blood Pressure,Used for Blood,"Smith, Arias and Kelly",Ireland,Dublin,28
2023-08-15,Winter,Sinalax,Sulphadiazine + Trimethoprim 1000 mg + 200 mg,Antibiotic,Used for Antibiotic,Lopez Group,Ireland,Dublin,14
2023-08-16,Autumn,Mextil 250,Ceftazidime 1 gm/vial,Infection,Used for Infection,"Taylor, Gonzalez and Porter",Ireland,Dublin,14
2023-08-17,Autumn,Erectus 20,Sufoof Khaksi,Antibiotic,Used for Antibiotic,Davis-Harmon,Ireland,Dublin,19
2023-08-18,Autumn,G-Seng,Cephalexin 250 mg,Cold,Used for Cold,Lopez Group,Ireland,Dublin,10
2023-08-19,Autumn,Bisoren 2.5,Linagliptin + Metformin Hydrochloride 2.5 mg + 500 mg,Blood Pressure,Used for Blood,Bryant-Miller,Ireland,Dublin,17
2023-08-20,Spring,Emprila,Gentamicin 300 mg/100 gm,Antibiotic,Used for Antibiotic,Zimmerman-Williams,Ireland,Dublin,11
2023-08-21,Winter,Navafen Vet,Biotin,Fever,Used for Fever,"Wall, Johnson and Perez",Ireland,Dublin,30
2023-08-22,Spring,Hamza Painkul,Mifepristone 200 mg,Fever,Used for Fever,Rocha-Walker,Ireland,Dublin,11
2023-08-23,Autumn,Xoleron,Habb-e Tinkar,Blood Pressure,Used for Blood,Mcdaniel Ltd,Ireland,Dublin,22
2023-08-24,Winter,B-Dexa,Pidotimod 400 mg,Antibiotic,Used for Antibiotic,Rocha-Walker,Ireland,Dublin,19
2023-08-25,Summer,Pampra,Hydroxychloroquine Sulphate 200 mg,Cold,Used for Cold,Mcdaniel Ltd,Ireland,Dublin,21
2023-08-26,Autumn,Copadox 400,Amoxicillin 250 mg,Blood Pressure,Used for Blood,Carpenter-Dillon,Ireland,Dublin,25
2023-08-27,Summer,Levocar,Glyceryl Trinitrate .5 mg,Antibiotic,Used for Antibiotic,Zimmerman-Williams,Ireland,Dublin,19
2023-08-28,Autumn,Viscotin 600,Amalaki Rasayan,Antibiotic,Used for Antibiotic,Wilson Ltd,Ireland,Dublin,16
2023-08-29,Summer,Aristo Kid,Vasaka / Jastishia,Blood Pressure,Used for Blood,"Butler, Pearson and Hunt",Ireland,Dublin,14
2023-08-30,Summer,Oxycort 12/400 Acucap,Metformin Hydrochloride 850 mg,Infection,Used for Infection,Carpenter-Dillon,Ireland,Dublin,28
2023-08-31,Summer,Trimax 250 mg IV,Omeprazole 40 mg,Body Pain,Used for Body,Friedman-Richard,Ireland,Dublin,27
2023-09-01,Autumn,Berdinal,Ceftriaxone 1 gm,Headache,Used for Headache,"Washington, Mcbride and James",Ireland,Dublin,17
2023-09-02,Spring,Ecoren T,Sharbat Vasac,Headache,Used for Headache,"Wall, Johnson and Perez",Ireland,Dublin,17
2023-09-03,Winter,Ginera 500 mg,Habb-e Ambar Momiyaee,Antibiotic,Used for Antibiotic,Rose-Tucker,Ireland,Dublin,11
2023-09-04,Autumn,Linadi Plus 500,Qurs Bandish,Cold,Used for Cold,Wall-Johnson,Ireland,Dublin,16
2023-09-05,Winter,Bisotab 2.5,Flunarizine 10 mg,Antibiotic,Used for Antibiotic,Garcia-Carter,Ireland,Dublin,23
2023-09-06,Spring,Epicin 50,Azithromycin 200 mg/5 ml,Diabetes,Used for Diabetes,Juarez-Burton,Ireland,Dublin,23
2023-09-07,Winter,Ormazol,Flumequine 20 gm/100 ml,Cough,Used for Cough,Jensen-Moreno,Ireland,Dublin,16
2023-09-08,Spring,Adodir,Ipratropium Bromide 250 mcg/ml,Cold,Used for Cold,Bryant-Miller,Ireland,Dublin,22
2023-09-09,Spring,Obeliva 10,Sufoof Khaksi,Antibiotic,Used for Antibiotic,Rocha-Walker,Ireland,Dublin,21
2023-09-10,Winter,Naturetic,Louhasav,Infection,Used for Infection,Torres-Bell,Ireland,Dublin,22
2023-09-11,Summer,Navamox 250,Gemcitabine 200 mg/vial,Cold,Used for Cold,Bates Group,Ireland,Dublin,15
2023-09-12,Summer,Spirolife,Danofloxacin 2.5 gm/100 ml,Antibiotic,Used for Antibiotic,Rocha-Walker,Ireland,Dublin,27
2023-09-13,Summer,IN-BP-50,Brihat Purnachandra Ras,Body Pain,Used for Body,Allen LLC,Ireland,Dublin,29
2023-09-14,Autumn,Dialon 1 1,Arjunarista,Cold,Used for Cold,"Brooks, Goodman and Peck",Ireland,Dublin,29
2023-09-15,Spring,Vermin DS 400,Clonazepam 2 mg,Infection,Used for Infection,"Brewer, Dickson and Silva",Ireland,Dublin,29
2023-09-16,Summer,Alvit Z Syrup,Morphine Sulphate 15 mg/ml,Blood Pressure,Used for Blood,Cruz Inc,Ireland,Dublin,21
2023-09-17,Winter,Magnesia Phosphoricum,Habb-e Suranjan,Antibiotic,Used for Antibiotic,"Sanchez, Castro and Richardson",Ireland,Dublin,16
2023-09-18,Summer,Polycort,Vasaka / Jastishia,Blood Pressure,Used for Blood,"Wise, Evans and Davis",Ireland,Dublin,29
2023-09-19,Winter,Ortum,Diazepam 10 mg/2 ml,Cold,Used for Cold,Garcia-Carter,Ireland,Dublin,20
2023-09-20,Winter,Ferromax 30,Naproxen 500 mg,Blood Pressure,Used for Blood,"Melendez, Orr and Martin",Ireland,Dublin,25
2023-09-21,Winter,Oxaban 10 mg,Arjunarista,Cold,Used for Cold,Friedman-Richard,Ireland,Dublin,28
2023-09-22,Summer,KP Musaffi,Qurs Bandish,Cold,Used for Cold,"Wall, Johnson and Perez",Ireland,Dublin,25
2023-09-23,Summer,Dogrel,Ascorbic Acid + Biotin + Cyanocobalamin + Dexpanthanol + Folic Acid + Nicotinamide + Pyridoxine Hydrochloride + Riboflavine Sodium Phosphate + Thiamine Nitrate 100 mg + 60 mcg + 5 mcg + 15 mg + 400 mcg + 40 mg + 4 mg + 3.6 mg + 2.5 mg/vial,Antibiotic,Used for Antibiotic,Zimmerman-Brown,Ireland,Dublin,22
2023-09-24,Winter,Calmo-E,Theophylline 200 mg,Blood Pressure,Used for Blood,"Taylor, Gonzalez and Porter",Ireland,Dublin,19
2023-09-25,Summer,Mercurius Sublimatus c.,Methyl Prednisolone 8 mg,Antibiotic,Used for Antibiotic,Bates Group,Ireland,Dublin,12
2023-09-26,Autumn,Parafenac TR,Cefixime 400 mg,Antibiotic,Used for Antibiotic,Crawford and Sons,Ireland,Dublin,26
2023-09-27,Autumn,Vincristin,Isoniazid + Thiacetazone 300 mg + 150 mg,Blood Pressure,Used for Blood,"Butler, Pearson and Hunt",Ireland,Dublin,30
2023-09-28,Autumn,Avlomox 500,Ibuprofen 200 mg,Headache,Used for Headache,Cruz Inc,Ireland,Dublin,30
2023-09-29,Autumn,Ceflon,Trifluridine 1 gm/100 ml,Antibiotic,Used for Antibiotic,Carpenter-Dillon,Ireland,Dublin,27
2023-09-30,Winter,Unidiar,Metoprolol Tartrate 100 mg,Cough,Used for Cough,Gomez and Sons,Ireland,Dublin,25
2023-10-01,Autumn,Safetolive,Niacinamide + Pyridoxine Hydrochloride + Riboflavin + Thiamine Hydrochloride + Zinc 400 mg + 40 mg + 40 mg + 100 mg + 200 mg/100 ml,Stomachache,Used for Stomachache,Zimmerman-Williams,Ireland,Dublin,20
2023-10-02,Winter,Habby,Kutajaghana Bati/Kutaja Bati,Blood Pressure,Used for Blood,"Smith, Arias and Kelly",Ireland,Dublin,27
2023-10-03,Winter,Doxacil,Cephradine 125 mg/5 ml,Infection,Used for Infection,"Smith, Arias and Kelly",Ireland,Dublin,23
2023-10-04,Summer,ICAFT 0.25%,Cefuroxime 750 mg/vial,Fever,Used for Fever,Garcia-Carter,Ireland,Dublin,22
2023-10-05,Spring,Azocin,Clonazepam 1 mg,Blood Pressure,Used for Blood,"Silva, Miller and Gardner",Ireland,Dublin,20
2023-10-06,Summer,Renacid Suspension,Sanjivani Rasayan,Diabetes,Used for Diabetes,Wilson Ltd,Ireland,Dublin,13
2023-10-07,Winter,Ondamax 8,Cefixime 400 mg,Antibiotic,Used for Antibiotic,Lopez Group,Ireland,Dublin,19
2023-10-08,Summer,Janomina,Sukrasanjibani Modak,Blood Pressure,Used for Blood,Zimmerman-Brown,Ireland,Dublin,18
2023-10-09,Autumn,BIO-PLASGEN PLUS-13,Calcium (Coral Calcium) + Vitamin D3 500 mg + 200 IU,Stomachache,Used for Stomachache,Rose-Tucker,Ireland,Dublin,12
2023-10-10,Spring,Ciprin 500,Ceftriaxone 1 gm,Headache,Used for Headache,Graves Inc,Ireland,Dublin,24
2023-10-11,Spring,Genasprin S 300,Azithromycin 500 mg,Antibiotic,Used for Antibiotic,Wall-Johnson,Ireland,Dublin,18
2023-10-12,Spring,Skilighter,Atracurium Besylate 25 mg,Body Pain,Used for Body,Gomez and Sons,Ireland,Dublin,18
2023-10-13,Autumn,Lifil-A 200000,Terbinafine 250 mg,Stomachache,Used for Stomachache,"Johnson, Nicholson and Rogers",Ireland,Dublin,27
2023-10-14,Spring,Lecoton,Raloxifene Hydrochloride 60 mg,Body Pain,Used for Body,"Silva, Miller and Gardner",Ireland,Dublin,28
2023-10-15,Spring,Navacef 500,Aluminium Oxide + Magnesium Hydroxide 175 mg + 225 mg/5 ml,Blood Pressure,Used for Blood,"Washington, Mcbride and James",Ireland,Dublin,27
2023-10-16,Autumn,Hazmina,Arq Lahsun,Headache,Used for Headache,"Silva, Miller and Gardner",Ireland,Dublin,12
2023-10-17,Summer,Suev 10,Pheniramine Maleate 22.75 mg/ml,Blood Pressure,Used for Blood,Rose-Tucker,Ireland,Dublin,25
2023-10-18,Autumn,Topiclo Shampoo,Isoniazid + Rifampicin 150 mg + 300 mg,Diabetes,Used for Diabetes,Wilson Ltd,Ireland,Dublin,10
2023-10-19,Autumn,Lumona 4,Secnidazole 500 mg/10 ml,Blood Pressure,Used for Blood,Mcdaniel Ltd,Ireland,Dublin,23
2023-10-20,Summer,Rasturb,Ibuprofen 400 mg,Infection,Used for Infection,Torres-Bell,Ireland,Dublin,14
2023-10-21,Spring,Zintarex,Qurs Mulayin,Blood Pressure,Used for Blood,Zimmerman-Williams,Ireland,Dublin,24
2023-10-22,Autumn,Sutib 25,Verapamil Hydrochloride 80 mg,Fever,Used for Fever,Zimmerman-Williams,Ireland,Dublin,21
2023-10-23,Spring,Vomitron,Ramipril 2.5 mg,Cold,Used for Cold,Garcia-Carter,Ireland,Dublin,29
2023-10-24,Autumn,Naproxen-250,Trifluridine 1 gm/100 ml,Antibiotic,Used for Antibiotic,Johnson-Carter,Ireland,Dublin,21
2023-10-25,Summer,Mypart,Thiamine Hydrochloride 100 mg,Cold,Used for Cold,Cruz Inc,Ireland,Dublin,23
2023-10-26,Winter,Remeflox C (Vet),Levetiracetam 100 mg/ml,Antibiotic,Used for Antibiotic,"Washington, Mcbride and James",Ireland,Dublin,26
2023-10-27,Winter,Lopadine,Atorvastatin 20 mg,Diabetes,Used for Diabetes,"Brewer, Dickson and Silva",Ireland,Dublin,12
2023-10-28,Winter,Memo Plus,Ambroxol 15 mg/5 ml,Cold,Used for Cold,"Silva, Miller and Gardner",Ireland,Dublin,29
2023-10-29,Winter,Acitamol (Vet),Hypericum Perforatum,Headache,Used for Headache,Lopez Group,Ireland,Dublin,28
2023-10-30,Winter,LK PLUS 12.5/50,Gemcitabine 200 mg/vial,Cold,Used for Cold,Lopez Group,Ireland,Dublin,30
2023-10-31,Autumn,Dexica 30,Habb-e Bawaseer Badi,Headache,Used for Headache,"Sanchez, Castro and Richardson",Ireland,Dublin,20
2023-11-01,Winter,Tonadin,Flumequine 20 gm/100 ml,Cough,Used for Cough,Bates Group,Ireland,Dublin,23
2023-11-02,Winter,Adojan,Indomethacin 25 mg,Cough,Used for Cough,Torres-Bell,Ireland,Dublin,10
2023-11-03,Summer,Trisom,Gentamicin 300 mg/100 gm,Antibiotic,Used for Antibiotic,Cruz Inc,Ireland,Dublin,27
2023-11-04,Summer,Urofine,Cephradine 125 mg/1.25 ml,Body Pain,Used for Body,Gomez and Sons,Ireland,Dublin,12
2023-11-05,Spring,Neorex 250,Jambadyarista,Antibiotic,Used for Antibiotic,Graves Inc,Ireland,Dublin,30
2023-11-06,Autumn,Lonapam 1,Sharbat Gaozaban,Antibiotic,Used for Antibiotic,"Smith, Serrano and Craig",Ireland,Dublin,25
2023-11-07,Summer,Xelcard 10,Qurs Mulayin,Blood Pressure,Used for Blood,"Smith, Serrano and Craig",Ireland,Dublin,15
2023-11-08,Winter,Epicet-500 XR,Ascorbic Acid + Biotin + Cyanocobalamin + Dexpanthanol + Folic Acid + Nicotinamide + Pyridoxine Hydrochloride + Riboflavine Sodium Phosphate + Thiamine Nitrate 100 mg + 60 mcg + 5 mcg + 15 mg + 400 mcg + 40 mg + 4 mg + 3.6 mg + 2.5 mg/vial,Antibiotic,Used for Antibiotic,Allen LLC,Ireland,Dublin,21
2023-11-09,Summer,Bacide 0.3%,Cefepime 1 gm/vial,Antibiotic,Used for Antibiotic,Garcia-Carter,Ireland,Dublin,19
2023-11-10,Winter,Cefexta 300,Sharbat Deenar,Cold,Used for Cold,"Silva, Miller and Gardner",Ireland,Dublin,13
2023-11-11,Autumn,Orodin,Ascorbic Acid + Biotin + Cyanocobalamin + Dexpanthanol + Folic Acid + Nicotinamide + Pyridoxine Hydrochloride + Riboflavine Sodium Phosphate + Thiamine Nitrate 100 mg + 60 mcg + 5 mcg + 15 mg + 400 mcg + 40 mg + 4 mg + 3.6 mg + 2.5 mg/vial,Antibiotic,Used for Antibiotic,Gomez and Sons,Ireland,Dublin,14
2023-11-12,Spring,Zasper 20,Habb-e Suranjan,Antibiotic,Used for Antibiotic,Rose-Tucker,Ireland,Dublin,24
2023-11-13,Spring,Amlacina,Febuxostat 40 mg,Antibiotic,Used for Antibiotic,"Silva, Miller and Gardner",Ireland,Dublin,11
2023-11-14,Autumn,Arb 16,Chlorpheniramine Maleate 2 mg/5 ml,Infection,Used for Infection,"Washington, Mcbride and James",Ireland,Dublin,22
2023-11-15,Spring,Daprosis 6,Frusemide 40 mg,Diabetes,Used for Diabetes,Wilson Ltd,Ireland,Dublin,12
2023-11-16,Autumn,Rolip,Brihat Purnachandra Ras,Body Pain,Used for Body,Juarez-Burton,Ireland,Dublin,26
2023-11-17,Summer,Diclofen 50,D Chiro Inositol (Carob),Antibiotic,Used for Antibiotic,Cruz Inc,Ireland,Dublin,29
2023-11-18,Autumn,DP Kohos,Ascorbic Acid + Calcium Carbonate + Calcium Gluconate + Calcium Lactate 500 mg + 327 mg + 578 mg + 422 mg,Headache,Used for Headache,"Washington, Mcbride and James",Ireland,Dublin,27
2023-11-19,Summer,Tamen 250,Calcium (Coral Calcium) + Vitamin D3 500 mg + 200 IU,Stomachache,Used for Stomachache,"Washington, Mcbride and James",Ireland,Dublin,12
2023-11-20,Winter,Flucide,Diazepam 10 mg/2 ml,Cold,Used for Cold,Jensen-Moreno,Ireland,Dublin,13
2023-11-21,Winter,Ketof,Thiamine Hydrochloride (Vit-B1) 100 mg,Antibiotic,Used for Antibiotic,"Wise, Evans and Davis",Ireland,Dublin,26
2023-11-22,Summer,Semaslim 1,Calcium (Coral Calcium) + Vitamin D3 500 mg + 200 IU,Stomachache,Used for Stomachache,Wilson Ltd,Ireland,Dublin,23
2023-11-23,Spring,Emocon,Sharbat Buzuri,Blood Pressure,Used for Blood,"Washington, Mcbride and James",Ireland,Dublin,10
2023-11-24,Winter,Famatovit,Rabeprazole Sodium 20 mg,Headache,Used for Headache,Jensen-Moreno,Ireland,Dublin,29
2023-11-25,Spring,Cardex 6.25,Pancreatin 325 mg,Antibiotic,Used for Antibiotic,Mcdaniel Ltd,Ireland,Dublin,13
2023-11-26,Winter,Tamenol,Arq Nankha,Cold,Used for Cold,"Wise, Evans and Davis",Ireland,Dublin,20
2023-11-27,Spring,Cimicifuga R/Actaea R,Niacinamide + Pyridoxine Hydrochloride + Riboflavin + Thiamine Hydrochloride + Zinc 400 mg + 40 mg + 40 mg + 100 mg + 200 mg/100 ml,Stomachache,Used for Stomachache,Graves Inc,Ireland,Dublin,19
2023-11-28,Winter,New FloCol Vet,Liquid Paraffin + Magnesium Hydroxide 1.25 ml + 300 mg/5 ml,Diabetes,Used for Diabetes,Lopez Group,Ireland,Dublin,18
2023-11-29,Summer,Pep Ned,Dexamethasone + Moxifloxacin 100 mg + 500 mg/100 ml,Antibiotic,Used for Antibiotic,Cox and Sons,Ireland,Dublin,24
2023-11-30,Summer,Bactidin Vet,Naproxen 500 mg,Blood Pressure,Used for Blood,"Butler, Pearson and Hunt",Ireland,Dublin,13
2023-12-01,Autumn,Helen,Montelukast 5 mg,Cold,Used for Cold,"Washington, Mcbride and James",Ireland,Dublin,26
2023-12-02,Spring,Ostomax D,Qurs Hazmina,Cold,Used for Cold,Johnson-Carter,Ireland,Dublin,26
2023-12-03,Summer,Ceftiten 400,Qurs Kamuni,Body Pain,Used for Body,Johnson-Carter,Ireland,Dublin,28
2023-12-04,Summer,Acecard 1.25,Sukrasanjibani Modak,Blood Pressure,Used for Blood,Cruz Inc,Ireland,Dublin,21
2023-12-05,Spring,Herbacin,Sharbat Dimaghi,Body Pain,Used for Body,"Melendez, Orr and Martin",Ireland,Dublin,19
2023-12-06,Autumn,Loprazol 20,Aceclofenac 100 mg,Cough,Used for Cough,Juarez-Burton,Ireland,Dublin,17
2023-12-07,Summer,Mahachaitas Ghrita,Voriconazole 4 gm/100 ml,Body Pain,Used for Body,"Smith, Arias and Kelly",Ireland,Dublin,12
2023-12-08,Summer,Caloren IV,Indomethacin 25 mg,Cough,Used for Cough,Garcia-Carter,Ireland,Dublin,27
2023-12-09,Winter,Ars Sulph Flav,Pregabalin 330 mg,Blood Pressure,Used for Blood,Williams-Patterson,Ireland,Dublin,16
2023-12-10,Autumn,Flurone,Habb-e Tinkar,Blood Pressure,Used for Blood,Zimmerman-Williams,Ireland,Dublin,24
2023-12-11,Summer,MCR,Enoxaprin 60 mg/.6 ml,Antibiotic,Used for Antibiotic,Wilson Ltd,Ireland,Dublin,11
2023-12-12,Autumn,Tasty-C,Esomeprazole + Naproxen 20 mg + 375 mg,Body Pain,Used for Body,Allen LLC,Ireland,Dublin,21
2023-12-13,Winter,Terbicon,Fexofenadine Hydrochloride 120 mg,Fever,Used for Fever,Rose-Tucker,Ireland,Dublin,17
2023-12-14,Spring,Cebex 400,Qurs Kamuni,Body Pain,Used for Body,"Wise, Evans and Davis",Ireland,Dublin,27
2023-12-15,Winter,Egshel-D,Activated Charcoal,Cough,Used for Cough,Wilson Ltd,Ireland,Dublin,15
2023-12-16,Winter,Pairox,Dexamethasone Sodium Phosphate 5 mg/ml,Fever,Used for Fever,Williams-Patterson,Ireland,Dublin,26
2023-12-17,Winter,Fuleav Dineer,Sharbat Vasac,Headache,Used for Headache,"Sanchez, Castro and Richardson",Ireland,Dublin,15
2023-12-18,Autumn,Nervex,Vildagliptin 50 mg,Cold,Used for Cold,Torres-Bell,Ireland,Dublin,13
2023-12-19,Spring,Astro Carditon,Calcium + Cholecalciferol (Vit. D3) 600 mg + 400 IU,Diabetes,Used for Diabetes,"Taylor, Gonzalez and Porter",Ireland,Dublin,16
2023-12-20,Spring,Cynoplex,Calcitriol .25 mcg,Diabetes,Used for Diabetes,"Wall, Johnson and Perez",Ireland,Dublin,22
2023-12-21,Winter,Cubasil,Econazole Nitrate + Triamcinolone Acetonide 1 gm + 100 mg/100 gm,Antibiotic,Used for Antibiotic,Jensen-Moreno,Ireland,Dublin,26
2023-12-22,Spring,Navamox,Qurs Rehmin,Antibiotic,Used for Antibiotic,"Washington, Mcbride and James",Ireland,Dublin,21
2023-12-23,Spring,Valex 400 IV Injection,Sodium Valproate 200 mg,Fever,Used for Fever,Rocha-Walker,Ireland,Dublin,15
2023-12-24,Summer,Mabculi,Sharbat Deenar,Cold,Used for Cold,"Sanchez, Castro and Richardson",Ireland,Dublin,24
2023-12-25,Summer,Nalba,Etoricoxib 120 mg,Antibiotic,Used for Antibiotic,Graves Inc,Ireland,Dublin,22
2023-12-26,Spring,Zithcil 500 mg,Indomethacin 25 mg,Cough,Used for Cough,Wilson Ltd,Ireland,Dublin,20
2023-12-27,Winter,Medilon,Isoniazid + Rifampicin 150 mg + 300 mg,Diabetes,Used for Diabetes,Torres-Bell,Ireland,Dublin,17
2023-12-28,Spring,Ezylife Oral Solution,Cyclosporine 25 mg,Blood Pressure,Used for Blood,Johnson-Carter,Ireland,Dublin,12
2023-12-29,Summer,Olosol,Nicotinamide + Pyridoxine Hydrochloride + Riboflavin + Vitamin B1 20 mg + 2 mg + 2 mg + 5 mg/5 ml,Stomachache,Used for Stomachache,"Washington, Mcbride and James",Ireland,Dublin,30
2023-12-30,Summer,Seizural IM/IV Injection,Glipizide + Metformin Hydrochloride 2.5 mg + 500 mg,Antibiotic,Used for Antibiotic,"Brewer, Dickson and Silva",Ireland,Dublin,30
2023-12-31,Summer,Cefopen 2 gm Injection,Pidotimod 400 mg,Antibiotic,Used for Antibiotic,Cox and Sons,Ireland,Dublin,13
2024-01-01,Winter,Cilnipin 10,Flucloxacillin 500 mg,Fever,Used for Fever,Rose-Tucker,Ireland,Dublin,13
2024-01-02,Spring,Bencyclic,Ferric Carboxymaltose 1000 mg/20 ml,Cold,Used for Cold,Weaver PLC,Ireland,Dublin,30
2024-01-03,Winter,Angist SR 2.6,Ascorbic Acid + Calcium Carbonate + Calcium Gluconate + Calcium Lactate 500 mg + 327 mg + 578 mg + 422 mg,Headache,Used for Headache,Gomez and Sons,Ireland,Dublin,27
2024-01-04,Spring,Menobon,Isoniazid + Thiacetazone 300 mg + 150 mg,Blood Pressure,Used for Blood,"Hamilton, Johnson and Crawford",Ireland,Dublin,27
2024-01-05,Summer,Sizofree 100,Mebendazole 100 mg,Headache,Used for Headache,Friedman-Richard,Ireland,Dublin,25
2024-01-06,Spring,Lanz 30,Glipizide + Metformin Hydrochloride 2.5 mg + 500 mg,Antibiotic,Used for Antibiotic,Gomez and Sons,Ireland,Dublin,16
2024-01-07,Spring,Famaceta,Sharbat Gaozaban,Antibiotic,Used for Antibiotic,"Brewer, Dickson and Silva",Ireland,Dublin,25
2024-01-08,Winter,Tryptin 25,Sildenafil 50 mg,Infection,Used for Infection,Torres-Bell,Ireland,Dublin,16
2024-01-09,Winter,Losabex 50,Cefditoren 200 mg,Cold,Used for Cold,Juarez-Burton,Ireland,Dublin,20
2024-01-10,Winter,Gastonine Tab,Thiamine Hydrochloride 100 mg,Cold,Used for Cold,"Taylor, Gonzalez and Porter",Ireland,Dublin,19
2024-01-11,Autumn,Politrim,Qurs Kamuni,Body Pain,Used for Body,Friedman-Richard,Ireland,Dublin,29
2024-01-12,Spring,Vat Gajendra Singha,Arjunarista,Cold,Used for Cold,Bates Group,Ireland,Dublin,25
2024-01-13,Autumn,BM Mina,Apremilast 20 mg,Headache,Used for Headache,"Silva, Miller and Gardner",Ireland,Dublin,25
2024-01-14,Winter,Ciprofloxacin 500,Benzyl Penicillin + Procaine Penicillin 10 Lac IU + 30 Lac IU,Fever,Used for Fever,"Smith, Serrano and Craig",Ireland,Dublin,15
2024-01-15,Autumn,Tory 60,Cefadroxil 250 mg,Blood Pressure,Used for Blood,Cruz Inc,Ireland,Dublin,21
2024-01-16,Winter,Grapevit,Cetrimide + Chlorhexidine Hydrochloride 500 mg + 100 mg/100 gm,Cough,Used for Cough,Mcdaniel Ltd,Ireland,Dublin,13
2024-01-17,Autumn,Declomycin 300,Prasugrel 5 mg,Antibiotic,Used for Antibiotic,Davis-Harmon,Ireland,Dublin,27
2024-01-18,Spring,Lopin PLUS 5/25,Arq Taskeen,Infection,Used for Infection,Garcia-Carter,Ireland,Dublin,22
2024-01-19,Spring,Kaliphosphoricum 1X,Qurs Ziabit,Cold,Used for Cold,"Washington, Mcbride and James",Ireland,Dublin,13
2024-01-20,Spring,Ondaset,Prasugrel 5 mg,Antibiotic,Used for Antibiotic,"Silva, Miller and Gardner",Ireland,Dublin,20
2024-01-21,Autumn,Rivacard 20,Flunarizine 10 mg,Antibiotic,Used for Antibiotic,"Wise, Evans and Davis",Ireland,Dublin,22
2024-01-22,Winter,Xtrum Gold,Pheniramine Maleate 22.75 mg/ml,Blood Pressure,Used for Blood,"Washington, Mcbride and James",Ireland,Dublin,23
2024-01-23,Autumn,Tricard MR 35,Sharbat Seb,Blood Pressure,Used for Blood,Rocha-Walker,Ireland,Dublin,21
2024-01-24,Spring,Xaloplat,Danofloxacin 2.5 gm/100 ml,Antibiotic,Used for Antibiotic,Gomez and Sons,Ireland,Dublin,20
2024-01-25,Summer,Asiliv,Norethisterone 5 mg,Antibiotic,Used for Antibiotic,"Butler, Pearson and Hunt",Ireland,Dublin,13
2024-01-26,Spring,Pegferon 135mcg/0.5ml,Haloperidol 5 mg,Blood Pressure,Used for Blood,Mcdaniel Ltd,Ireland,Dublin,15
2024-01-27,Winter,Apulset,Tramadol Hydrochloride 50 mg,Headache,Used for Headache,"Wise, Evans and Davis",Ireland,Dublin,15
2024-01-28,Summer,Axim CV 250,Habb-e Jalinoos,Body Pain,Used for Body,"Butler, Pearson and Hunt",Ireland,Dublin,10
2024-01-29,Autumn,ALA,Cefixime 100 mg,Cold,Used for Cold,"Wise, Evans and Davis",Ireland,Dublin,14
2024-01-30,Summer,Disentric,Nicotinamide + Pyridoxine Hydrochloride + Riboflavin + Vitamin B1 + Zinc 20 mg + 2 mg + 2.75 mg + 5 mg + 10 mg,Body Pain,Used for Body,Gomez and Sons,Ireland,Dublin,28
2024-01-31,Winter,Vonomax -20,Bifidobacterium Animals + Bifidobacterium bifidum + Lactobacillus Acidophillus + Lactobacillus Rhamnosus,Cough,Used for Cough,Weaver PLC,Ireland,Dublin,25
2024-02-01,Summer,Gentob,Niacinamide + Pyridoxine Hydrochloride + Riboflavin + Thiamine Hydrochloride + Zinc 400 mg + 40 mg + 40 mg + 100 mg + 200 mg/100 ml,Stomachache,Used for Stomachache,Graves Inc,Ireland,Dublin,15
2024-02-02,Summer,Miraclon 0.5,Jakridari Louha,Diabetes,Used for Diabetes,Weaver PLC,Ireland,Dublin,16
2024-02-03,Autumn,Adrin,Ginkgo Biloba 500 mg,Body Pain,Used for Body,"Johnson, Nicholson and Rogers",Ireland,Dublin,23
2024-02-04,Winter,Palodex,Gaza Bahar-e Husn,Cough,Used for Cough,Graves Inc,Ireland,Dublin,14
2024-02-05,Spring,NT-Par,Propantheline Bromide 15 mg,Diabetes,Used for Diabetes,Bryant-Miller,Ireland,Dublin,15
2024-02-06,Spring,Supracef 500,Bisacodyl 5 mg,Antibiotic,Used for Antibiotic,Gomez and Sons,Ireland,Dublin,10
2024-02-07,Winter,Vigacin,Metoprolol Tartrate 100 mg,Cough,Used for Cough,Johnson-Carter,Ireland,Dublin,10
2024-02-08,Winter,Nacea,Mahasankha Bati,Body Pain,Used for Body,"Brooks, Goodman and Peck",Ireland,Dublin,17
2024-02-09,Autumn,Zoana 500,Jambadyarista,Antibiotic,Used for Antibiotic,Lopez Group,Ireland,Dublin,11
2024-02-10,Winter,Tam-ER,Hydroxychloroquine Sulphate 200 mg,Cold,Used for Cold,Cruz Inc,Ireland,Dublin,26
2024-02-11,Autumn,Butol,Prazosin 2 mg,Cold,Used for Cold,"Brooks, Goodman and Peck",Ireland,Dublin,17
2024-02-12,Winter,Mythrocin 100 ml,Frusemide 40 mg,Diabetes,Used for Diabetes,Davis-Harmon,Ireland,Dublin,23
2024-02-13,Summer,Sharbat Kylosin,Fenugreek Extract,Cold,Used for Cold,"Brewer, Dickson and Silva",Ireland,Dublin,27
2024-02-14,Winter,Lifil-E 200,Ceftriaxone 1 gm,Headache,Used for Headache,Weaver PLC,Ireland,Dublin,26
2024-02-15,Autumn,Maxtrol 20,Sharbat Misali,Infection,Used for Infection,Cox and Sons,Ireland,Dublin,22
2024-02-16,Spring,Stamox 250,Bisoprolol Hemifumarate 1.25 mg,Infection,Used for Infection,"Silva, Miller and Gardner",Ireland,Dublin,25
2024-02-17,Autumn,Vopran 20,Ferrum Phosphoricum,Antibiotic,Used for Antibiotic,Rose-Tucker,Ireland,Dublin,16
2024-02-18,Winter,XeroSoft Aloe + E,Zuroor Majaffif,Blood Pressure,Used for Blood,Mcdaniel Ltd,Ireland,Dublin,22
2024-02-19,Autumn,Sualin,Chandanasav,Body Pain,Used for Body,Gomez and Sons,Ireland,Dublin,27
2024-02-20,Autumn,Eridon 10,Memantine Hydrochloride 5 mg,Diabetes,Used for Diabetes,Weaver PLC,Ireland,Dublin,29
2024-02-21,Winter,Ghum,Activated Charcoal,Cough,Used for Cough,Cruz Inc,Ireland,Dublin,10
2024-02-22,Summer,Z-Lidocain Plus,Omeprazole 40 mg,Body Pain,Used for Body,"Butler, Pearson and Hunt",Ireland,Dublin,28
2024-02-23,Winter,Predexanol Plus Vet,Ceftriaxone 2 gm,Fever,Used for Fever,"Silva, Miller and Gardner",Ireland,Dublin,16
2024-02-24,Autumn,Neucit,Ceftriaxone 250 mg,Antibiotic,Used for Antibiotic,"Brewer, Dickson and Silva",Ireland,Dublin,27
2024-02-25,Spring,Clarox 250,Calcium Carbonate + Sodium Alginate + Sodium Bicarbonate 1.6 gm + 5 gm + 2.6 gm/100 ml,Stomachache,Used for Stomachache,Cox and Sons,Ireland,Dublin,27
2024-02-26,Winter,Medicago Sativa (Alfalfa)-Q,Hydrochlorothiazide + Ramipril 12.5 mg + 2.5 mg,Body Pain,Used for Body,Crawford and Sons,Ireland,Dublin,13
2024-02-27,Summer,Stardbon,Flumequine 20 gm/100 ml,Cough,Used for Cough,Davis-Harmon,Ireland,Dublin,28
2024-02-28,Summer,Fisopen LA 6 Lac,Cefixime 100 mg,Cold,Used for Cold,"Hamilton, Johnson and Crawford",Ireland,Dublin,29
2024-02-29,Autumn,Imacef 2gm IV,Loteprednol Etabonate + Tobramycin .5 gm + .3 gm/100 ml,Body Pain,Used for Body,Rose-Tucker,Ireland,Dublin,22
2024-03-01,Autumn,Zenilon 5,Esomeprazole 20 mg,Diabetes,Used for Diabetes,Davis-Harmon,Ireland,Dublin,25
2024-03-02,Summer,Sparin,Ciprofloxacin 250 mg/5 ml,Body Pain,Used for Body,"Washington, Mcbride and James",Ireland,Dublin,29
2024-03-03,Summer,Envitor,Amalaki Rasayan,Antibiotic,Used for Antibiotic,Davis-Harmon,Ireland,Dublin,14
2024-03-04,Spring,Dextran-DS IV Infusion,Escitalopram 10 mg,Headache,Used for Headache,Graves Inc,Ireland,Dublin,29
2024-03-05,Spring,Tysul,Fenbendazole 250 mg,Blood Pressure,Used for Blood,Cox and Sons,Ireland,Dublin,15
2024-03-06,Summer,Ultrox,Ondansetron 4 mg/5 ml,Diabetes,Used for Diabetes,Graves Inc,Ireland,Dublin,12
2024-03-07,Winter,Tilex 500,Sufoof Suranjan,Fever,Used for Fever,"Johnson, Nicholson and Rogers",Ireland,Dublin,18
2024-03-08,Spring,Suvic 250,Ceftriaxone 1 gm,Headache,Used for Headache,"Washington, Mcbride and James",Ireland,Dublin,23
2024-03-09,Autumn,Osteocil 250 mg/200 mg,Enoxaprin 60 mg/.6 ml,Antibiotic,Used for Antibiotic,"Johnson, Nicholson and Rogers",Ireland,Dublin,10
2024-03-10,Autumn,Ostan 25,Piracetam 800 mg,Cold,Used for Cold,"Sanchez, Castro and Richardson",Ireland,Dublin,27
2024-03-11,Autumn,Alpesib,Pheniramine Maleate 22.75 mg/ml,Blood Pressure,Used for Blood,"Sanchez, Castro and Richardson",Ireland,Dublin,12
2024-03-12,Summer,Cleocin 150 mg,Sufoof Bawaseer,Body Pain,Used for Body,Mcdaniel Ltd,Ireland,Dublin,13
2024-03-13,Autumn,Ternilla,Esomeprazole 40 mg,Cough,Used for Cough,Bryant-Miller,Ireland,Dublin,17
2024-03-14,Spring,Bonesis,Propantheline Bromide 15 mg,Diabetes,Used for Diabetes,Wilson Ltd,Ireland,Dublin,14
2024-03-15,Summer,G-Cosef,Sharbat Misali,Infection,Used for Infection,Crawford and Sons,Ireland,Dublin,17
2024-03-16,Spring,Napsod 275,Arq Maul Lahm,Antibiotic,Used for Antibiotic,"Johnson, Nicholson and Rogers",Ireland,Dublin,26
2024-03-17,Autumn,Vita-D3 Injection,Arq Nankha,Cold,Used for Cold,"Brooks, Goodman and Peck",Ireland,Dublin,26
2024-03-18,Spring,Zicolin,Woundwort Cleanzer,Cough,Used for Cough,"Smith, Arias and Kelly",Ireland,Dublin,27
2024-03-19,Spring,Loxacin 250,Esomeprazole 20 mg,Diabetes,Used for Diabetes,Graves Inc,Ireland,Dublin,16
2024-03-20,Summer,Kaforex,Aluminium Oxide + Magnesium Hydroxide 175 mg + 225 mg/5 ml,Blood Pressure,Used for Blood,"Johnson, Nicholson and Rogers",Ireland,Dublin,12
2024-03-21,Summer,Emego,Betamethasone 50 mg/100 gm,Cold,Used for Cold,Juarez-Burton,Ireland,Dublin,23
2024-03-22,Summer,Intafenac plus 2 ml IM,Calcaria Fluorica 3X + Ferrum Phosphoricum 3X + Kali Mur 3X + Kali Phos 3X,Blood Pressure,Used for Blood,Mcdaniel Ltd,Ireland,Dublin,30
2024-03-23,Winter,Sprembex,Domperidone 5 mg/5 ml,Body Pain,Used for Body,Wilson Ltd,Ireland,Dublin,27
2024-03-24,Summer,Leveron 500 mg XR,Amlodipine 5 mg,Stomachache,Used for Stomachache,Gomez and Sons,Ireland,Dublin,22
2024-03-25,Winter,K-Salin N,Cefadroxil 250 mg,Blood Pressure,Used for Blood,"Washington, Mcbride and James",Ireland,Dublin,23
2024-03-26,Summer,Natural Ginseng Powder,Voriconazole 4 gm/100 ml,Body Pain,Used for Body,Crawford and Sons,Ireland,Dublin,22
2024-03-27,Autumn,Gondil,Voriconazole 4 gm/100 ml,Body Pain,Used for Body,Weaver PLC,Ireland,Dublin,28
2024-03-28,Summer,S-Kinase 0.75 Million,Eucalypytol + Menthol + Methyl Salicylate + Thymol 92 mg + 42 mg + 60 mg + 64 mg/100 ml,Blood Pressure,Used for Blood,Lopez Group,Ireland,Dublin,27
2024-03-29,Winter,Conloss,Habb-e Hayaeen Murakkab,Body Pain,Used for Body,"Taylor, Gonzalez and Porter",Ireland,Dublin,14
2024-03-30,Winter,Roxetil 100,Esomeprazole 40 mg,Cough,Used for Cough,"Johnson, Nicholson and Rogers",Ireland,Dublin,23
2024-03-31,Winter,Reonam 500mg,Nicotinamide + Pyridoxine Hydrochloride + Riboflavin + Vitamin B1 + Zinc 20 mg + 2 mg + 2.75 mg + 5 mg + 10 mg,Body Pain,Used for Body,Juarez-Burton,Ireland,Dublin,30
2024-04-01,Winter,Andrographis Peniculata,Linagliptin + Metformin Hydrochloride 2.5 mg + 500 mg,Blood Pressure,Used for Blood,Jensen-Moreno,Ireland,Dublin,18
2024-04-02,Winter,Biofol 5,Esomeprazole + Naproxen 20 mg + 375 mg,Body Pain,Used for Body,Weaver PLC,Ireland,Dublin,20
2024-04-03,Autumn,Esocon 0.625,Sharbat Belgiri,Body Pain,Used for Body,Juarez-Burton,Ireland,Dublin,21
2024-04-04,Spring,Onevit,Dextrose + Sodium Chloride 4.3 gm + 180 mg/100 ml,Antibiotic,Used for Antibiotic,"Taylor, Gonzalez and Porter",Ireland,Dublin,20
2024-04-05,Winter,Opsonil 50,Esomeprazole 20 mg,Diabetes,Used for Diabetes,Garcia-Carter,Ireland,Dublin,26
2024-04-06,Summer,Flexy-V,Loteprednol Etabonate + Tobramycin .5 gm + .3 gm/100 ml,Body Pain,Used for Body,Graves Inc,Ireland,Dublin,11
2024-04-07,Spring,Relanab 750,Habb-e Ambar Momiyaee,Antibiotic,Used for Antibiotic,Carpenter-Dillon,Ireland,Dublin,19
2024-04-08,Winter,D-Revive 2000,Ratibilas Bati,Blood Pressure,Used for Blood,Cox and Sons,Ireland,Dublin,18
2024-04-09,Spring,Linacon 5,Enoxaprin 60 mg/.6 ml,Antibiotic,Used for Antibiotic,"Melendez, Orr and Martin",Ireland,Dublin,19
2024-04-10,Summer,Flucoder 150,Frusemide 40 mg,Diabetes,Used for Diabetes,"Brooks, Goodman and Peck",Ireland,Dublin,19
2024-04-11,Winter,Migalin-15,Liquid Paraffin + Magnesium Hydroxide 1.25 ml + 300 mg/5 ml,Diabetes,Used for Diabetes,Zimmerman-Williams,Ireland,Dublin,21
2024-04-12,Spring,D- LINA M 2.5/850,Thiamine Hydrochloride 100 mg,Cold,Used for Cold,Davis-Harmon,Ireland,Dublin,15
2024-04-13,Spring,Jardimet XR 10/1000,Enoxaprin 60 mg/.6 ml,Antibiotic,Used for Antibiotic,Davis-Harmon,Ireland,Dublin,19
2024-04-14,Winter,Kalmegh,Sharbat Deenar,Cold,Used for Cold,"Brewer, Dickson and Silva",Ireland,Dublin,25
2024-04-15,Spring,Sharbat Jiryani,Kamini Vidravan Ras,Fever,Used for Fever,Allen LLC,Ireland,Dublin,22
2024-04-16,Winter,Dexger 30,Cefuroxime 750 mg/vial,Fever,Used for Fever,Graves Inc,Ireland,Dublin,15
2024-04-17,Autumn,Gefan,Olopatadine .2 gm/100 ml,Headache,Used for Headache,"Butler, Pearson and Hunt",Ireland,Dublin,27
2024-04-18,Winter,Arovin,Nalidixic Acid 300 mg/5 ml,Antibiotic,Used for Antibiotic,Gomez and Sons,Ireland,Dublin,17
2024-04-19,Summer,E-L Gel Lubricating Gel,Niacinamide + Pyridoxine Hydrochloride + Riboflavin + Thiamine Hydrochloride + Zinc 400 mg + 40 mg + 40 mg + 100 mg + 200 mg/100 ml,Stomachache,Used for Stomachache,Carpenter-Dillon,Ireland,Dublin,18
2024-04-20,Winter,Eres,Sulphadiazine + Trimethoprim 1000 mg + 200 mg,Antibiotic,Used for Antibiotic,"Brewer, Dickson and Silva",Ireland,Dublin,15
2024-04-21,Winter,Oxana,Dicycloverine Hydrochloride 10 mg/5 ml,Fever,Used for Fever,Allen LLC,Ireland,Dublin,30
2024-04-22,Winter,Vonoland Kit,Sharbat Musaffi,Infection,Used for Infection,"Silva, Miller and Gardner",Ireland,Dublin,13
2024-04-23,Spring,Gingoram 120,Torasemide 20 mg,Blood Pressure,Used for Blood,Graves Inc,Ireland,Dublin,14
2024-04-24,Winter,Vasopril 5,Secnidazole 500 mg/10 ml,Blood Pressure,Used for Blood,Davis-Harmon,Ireland,Dublin,20
2024-04-25,Spring,Roxagen 100,Qurs Salajeet,Cold,Used for Cold,Mcdaniel Ltd,Ireland,Dublin,26
2024-04-26,Autumn,Roxagen 70,Benzyl Penicillin + Procaine Penicillin 10 Lac IU + 30 Lac IU,Fever,Used for Fever,Rose-Tucker,Ireland,Dublin,13
2024-04-27,Autumn,Laciten 2,Hypericum Perforatum,Headache,Used for Headache,Juarez-Burton,Ireland,Dublin,11
2024-04-28,Summer,SPN,Domperidone 10 mg,Cold,Used for Cold,Wall-Johnson,Ireland,Dublin,13
2024-04-29,Spring,Combair Respirator Solution,Saw Palmetto 160 mg,Stomachache,Used for Stomachache,"Wall, Johnson and Perez",Ireland,Dublin,19
2024-04-30,Spring,Vanprox,Bisoprolol Hemifumarate 1.25 mg,Infection,Used for Infection,Jensen-Moreno,Ireland,Dublin,24
2024-05-01,Summer,Tegretol 200,Tolfenamic Acid 200 mg,Fever,Used for Fever,"Silva, Miller and Gardner",Ireland,Dublin,30
2024-05-02,Summer,N-Shell,Terbinafine 250 mg,Stomachache,Used for Stomachache,Jensen-Moreno,Ireland,Dublin,23
2024-05-03,Autumn,Cavapro 75,Etrifal Kabir,Cold,Used for Cold,"Butler, Pearson and Hunt",Ireland,Dublin,21
2024-05-04,Winter,Doxomate 200,Ketotifen 1 mg/5 ml,Cold,Used for Cold,Zimmerman-Williams,Ireland,Dublin,23
2024-05-05,Winter,Legaba 25,Pancreatin 325 mg,Antibiotic,Used for Antibiotic,"Washington, Mcbride and James",Ireland,Dublin,20
2024-05-06,Summer,Metnil Plus,Sukrasanjibani Modak,Blood Pressure,Used for Blood,"Johnson, Nicholson and Rogers",Ireland,Dublin,22
2024-05-07,Autumn,Promet,Tranexamic Acid 500 mg,Headache,Used for Headache,Wilson Ltd,Ireland,Dublin,27
2024-05-08,Autumn,Ketromin,Cyclosporine 25 mg,Blood Pressure,Used for Blood,Torres-Bell,Ireland,Dublin,23
2024-05-09,Summer,Fefoz TR,Habb-e Jalinoos,Body Pain,Used for Body,Wall-Johnson,Ireland,Dublin,19
2024-05-10,Winter,Ultramox 250,Dextrose + Sodium Chloride 4.3 gm + 180 mg/100 ml,Antibiotic,Used for Antibiotic,Bryant-Miller,Ireland,Dublin,12
2024-05-11,Summer,Rose Cof,Dexamethasone Sodium Phosphate 5 mg/ml,Fever,Used for Fever,Wall-Johnson,Ireland,Dublin,26
2024-05-12,Summer,Arilol 12.5,Cajuput,Cold,Used for Cold,Weaver PLC,Ireland,Dublin,15
2024-05-13,Winter,Sypam 0.5,Midazolam 7.5 mg,Stomachache,Used for Stomachache,"Hamilton, Johnson and Crawford",Ireland,Dublin,29
2024-05-14,Summer,Vecef DS,Loperamide 2 mg,Antibiotic,Used for Antibiotic,Graves Inc,Ireland,Dublin,25
